county_fips,window_start_utc,window_end_utc,label_flood_event,precip_1h,precip_3h,precip_6h,precip_24h,precip_72h,max_precip_intensity,temperature,wind_speed,wind_gust,soil_moisture_shallow,soil_moisture_deep,elevation_mean,slope_mean,month_sin,month_cos,split
37021,2024-09-27T06:00:00Z,2024-09-27T12:00:00Z,True,18.4,44.1,71.9,168.3,242.7,24.6,18.2,7.4,19.8,0.412,0.388,653.2,9.81,-1.0,-0.0,test
37021,2024-09-27T00:00:00Z,2024-09-27T06:00:00Z,False,6.1,14.8,27.3,96.4,171.0,9.2,18.9,5.1,12.4,0.371,0.355,653.2,9.81,-1.0,-0.0,test
37175,2024-09-27T12:00:00Z,2024-09-27T18:00:00Z,True,21.0,52.6,88.4,190.1,268.4,29.3,17.6,6.8,17.2,0.434,0.401,701.5,12.44,-1.0,-0.0,test
37119,2024-09-27T12:00:00Z,2024-09-27T18:00:00Z,False,1.2,3.4,5.9,22.8,41.6,2.8,21.4,4.2,10.1,0.208,0.241,228.7,1.92,-1.0,-0.0,test
37129,2021-07-04T06:00:00Z,2021-07-04T12:00:00Z,False,9.8,19.4,26.1,38.7,52.2,13.1,26.3,3.9,9.6,0.262,0.275,9.4,0.31,-0.5,-0.866,train
37001,2017-09-09T00:00:00Z,2017-09-09T06:00:00Z,True,12.7,29.5,41.2,77.9,103.5,16.4,20.1,5.6,14.3,0.318,0.302,197.1,1.44,-1.0,-0.0,train
37087,2019-12-31T18:00:00Z,2020-01-01T00:00:00Z,True,8.9,22.4,35.8,68.2,94.1,11.7,6.4,8.2,21.6,0.396,0.372,1024.8,17.25,-0.0,1.0,train
37183,2022-06-06T00:00:00Z,2022-06-06T06:00:00Z,False,0.0,0.0,0.2,1.4,6.8,0.1,23.7,2.8,7.4,0.164,0.198,96.3,0.87,0.0,-1.0,selection
37031,2023-09-23T18:00:00Z,2023-09-24T00:00:00Z,True,14.2,31.8,47.6,89.3,112.4,18.9,23.1,9.7,26.3,0.351,0.329,3.1,0.08,-1.0,-0.0,calibration
37065,2024-03-16T00:00:00Z,2024-03-16T06:00:00Z,True,11.3,24.7,33.1,52.6,74.8,15.2,14.8,6.1,15.9,0.287,0.294,42.6,0.52,1.0,0.0,test
37083,2021-06-03T00:00:00Z,2021-06-03T06:00:00Z,False,0.4,1.9,4.2,18.6,31.0,1.1,21.8,3.1,8.2,0.301,0.288,58.4,0.94,0.0,-1.0,train
37083,2021-06-03T06:00:00Z,2021-06-03T12:00:00Z,True,2.2,5.8,9.7,18.6,31.0,1.1,21.8,3.1,8.2,0.301,0.288,58.4,0.94,0.0,-1.0,train
