BEGIN_YEARMONTH,BEGIN_DAY,BEGIN_TIME,END_YEARMONTH,END_DAY,END_TIME,EPISODE_ID,EVENT_ID,STATE,STATE_FIPS,YEAR,MONTH_NAME,EVENT_TYPE,CZ_TYPE,CZ_FIPS,CZ_NAME,CZ_TIMEZONE,INJURIES_DIRECT,DEATHS_DIRECT,DAMAGE_PROPERTY,DAMAGE_CROPS,SOURCE,BEGIN_LAT,BEGIN_LON,END_LAT,END_LON
201608,12,1430,201608,12,1700,110001,600001,NORTH CAROLINA,37,2016,August,Flood,C,021,BUNCOMBE,EST-5,0,0,25.00K,0.00K,Emergency Manager,35.5951,-82.5515,35.6010,-82.5400
201709,08,2230,201709,09,0330,110002,600002,NORTH CAROLINA,37,2017,September,Flash Flood,C,001,ALAMANCE,EST-5,0,0,75K,,Law Enforcement,36.0480,-79.4370,36.0520,-79.4200
201912,31,2100,202001,01,0400,110003,600003,NORTH CAROLINA,37,2019,December,Flash Flood,C,087,HAYWOOD,EST-5,1,0,2.5M,10.00K,Trained Spotter,35.4900,-82.9800,35.5000,-82.9500
201808,15,0600,201808,15,1200,110004,600004,NORTH CAROLINA,37,2018,August,Debris Flow,C,087,HAYWOOD,EST-5,0,1,500.00K,0.00K,Emergency Manager,35.5300,-83.0100,35.5350,-83.0050
202009,17,0800,202009,17,1930,110005,600005,NORTH CAROLINA,37,2020,September,Flood,Z,048,CENTRAL PIEDMONT,EST-5,0,0,0.00K,0.00K,Public,,,,
201705,20,1200,201705,20,1245,110006,600006,NORTH CAROLINA,37,2017,May,Thunderstorm Wind,C,183,WAKE,EST-5,0,0,3.00K,0.00K,Public,35.7796,-78.6382,35.7800,-78.6300
202107,04,1000,202107,04,1600,110007,600007,NORTH CAROLINA,37,2021,July,Heavy Rain,C,129,NEW HANOVER,EST-5,0,0,1.00K,0.00K,COOP Observer,34.2257,-77.9447,34.2300,-77.9400
201810,11,0300,201810,11,0900,110008,600008,SOUTH CAROLINA,45,2018,October,Flood,C,079,RICHLAND,EST-5,0,0,50.00K,0.00K,Emergency Manager,34.0007,-81.0348,34.0100,-81.0300
202206,06,0000,202206,06,0600,110009,600009,NORTH CAROLINA,37,2022,June,Flash Flood,C,119,MECKLENBURG,EST-5,0,0,125.00K,0.00K,Emergency Manager,35.2271,-80.8431,35.2300,-80.8400
202309,23,1845,202309,24,0215,110010,600010,NORTH CAROLINA,37,2023,September,Flood,C,031,CARTERET,EST-5,0,0,,0.00K,Public,34.7200,-76.7300,34.7250,-76.7200
202409,27,0500,202409,28,2300,110011,600011,NORTH CAROLINA,37,2024,September,Flash Flood,C,021,BUNCOMBE,EST-5,12,4,150.00M,2.00M,Emergency Manager,35.5951,-82.5515,35.6500,-82.4000
202409,27,0700,202409,27,2200,110011,600012,NORTH CAROLINA,37,2024,September,Debris Flow,C,175,TRANSYLVANIA,EST-5,0,2,1.20M,0.00K,Trained Spotter,35.2000,-82.7300,35.2100,-82.7200
202409,27,0700,202409,27,2200,110011,600012,NORTH CAROLINA,37,2024,September,Debris Flow,C,175,TRANSYLVANIA,EST-5,0,2,1.20M,0.00K,Trained Spotter,35.2000,-82.7300,35.2100,-82.7200
201509,29,1500,201509,29,,110012,600013,NORTH CAROLINA,37,2015,September,Flood,C,133,ONSLOW,EST-5,0,0,10.00K,0.00K,Public,34.7500,-77.4300,,
202403,15,2350,202403,16,0010,110013,600014,NORTH CAROLINA,37,2024,March,Flash Flood,C,065,EDGECOMBE,EST-5,0,0,5.00K,0.00K,Law Enforcement,35.9100,-77.5900,35.9150,-77.5850
