model,region,county_fips,grid_cell,time_utc,precipitation,temperature_2m,wind_speed_10m,wind_gusts_10m,soil_moisture_0_to_7cm,soil_moisture_28_to_100cm
era5_land,Mountain,37021,"35.60, -82.60",2024-09-26T00:00:00Z,,18.7,,,0.514,0.386
era5_land,Mountain,37021,"35.60, -82.60",2024-09-26T01:00:00Z,,18.7,,,0.511,0.386
era5_land,Mountain,37021,"35.60, -82.60",2024-09-26T02:00:00Z,,18.6,,,0.52,0.387
era5_land,Mountain,37021,"35.60, -82.60",2024-09-26T03:00:00Z,,18.6,,,0.469,0.387
era5_land,Mountain,37021,"35.60, -82.60",2024-09-26T04:00:00Z,,18.4,,,0.429,0.404
era5_land,Mountain,37021,"35.60, -82.60",2024-09-26T05:00:00Z,,18.6,,,0.461,0.404
era5_land,Mountain,37021,"35.60, -82.60",2024-09-26T06:00:00Z,,18.7,,,0.517,0.404
era5_land,Mountain,37021,"35.60, -82.60",2024-09-26T07:00:00Z,,17.5,,,0.518,0.405
era5_land,Mountain,37021,"35.60, -82.60",2024-09-26T08:00:00Z,,17.1,,,0.499,0.407
era5_land,Mountain,37021,"35.60, -82.60",2024-09-26T09:00:00Z,,17.0,,,0.491,0.422
era5_land,Mountain,37021,"35.60, -82.60",2024-09-26T10:00:00Z,,17.1,,,0.518,0.422
era5_land,Mountain,37021,"35.60, -82.60",2024-09-26T11:00:00Z,,17.0,,,0.485,0.425
era5_land,Mountain,37021,"35.60, -82.60",2024-09-26T12:00:00Z,,17.0,,,0.454,0.439
era5_land,Mountain,37021,"35.60, -82.60",2024-09-26T13:00:00Z,,17.4,,,0.504,0.439
era5_land,Mountain,37021,"35.60, -82.60",2024-09-26T14:00:00Z,,18.1,,,0.516,0.44
era5_land,Mountain,37021,"35.60, -82.60",2024-09-26T15:00:00Z,,18.7,,,0.496,0.442
era5_land,Mountain,37021,"35.60, -82.60",2024-09-26T16:00:00Z,,19.3,,,0.481,0.456
era5_land,Mountain,37021,"35.60, -82.60",2024-09-26T17:00:00Z,,19.7,,,0.518,0.456
era5_land,Mountain,37021,"35.60, -82.60",2024-09-26T18:00:00Z,,19.5,,,0.488,0.458
era5_land,Mountain,37021,"35.60, -82.60",2024-09-26T19:00:00Z,,19.0,,,0.443,0.472
era5_land,Mountain,37021,"35.60, -82.60",2024-09-26T20:00:00Z,,18.8,,,0.473,0.472
era5_land,Mountain,37021,"35.60, -82.60",2024-09-26T21:00:00Z,,18.7,,,0.506,0.472
era5_land,Mountain,37021,"35.60, -82.60",2024-09-26T22:00:00Z,,18.5,,,0.515,0.474
era5_land,Mountain,37021,"35.60, -82.60",2024-09-26T23:00:00Z,,18.5,,,0.52,0.474
era5_land,Mountain,37021,"35.60, -82.60",2024-09-27T00:00:00Z,,18.6,,,0.517,0.488
era5_land,Mountain,37021,"35.60, -82.60",2024-09-27T01:00:00Z,,19.1,,,0.516,0.49
era5_land,Mountain,37021,"35.60, -82.60",2024-09-27T02:00:00Z,,19.4,,,0.46,0.503
era5_land,Mountain,37021,"35.60, -82.60",2024-09-27T03:00:00Z,,19.6,,,0.48,0.503
era5_land,Mountain,37021,"35.60, -82.60",2024-09-27T04:00:00Z,,19.5,,,0.504,0.503
era5_land,Mountain,37021,"35.60, -82.60",2024-09-27T05:00:00Z,,19.6,,,0.51,0.504
era5_land,Mountain,37021,"35.60, -82.60",2024-09-27T06:00:00Z,,19.7,,,0.462,0.504
era5_land,Mountain,37021,"35.60, -82.60",2024-09-27T07:00:00Z,,19.7,,,0.431,0.515
era5_land,Mountain,37021,"35.60, -82.60",2024-09-27T08:00:00Z,,19.6,,,0.474,0.515
era5_land,Mountain,37021,"35.60, -82.60",2024-09-27T09:00:00Z,,19.8,,,0.51,0.515
era5_land,Mountain,37021,"35.60, -82.60",2024-09-27T10:00:00Z,,19.9,,,0.52,0.514
era5_land,Mountain,37021,"35.60, -82.60",2024-09-27T11:00:00Z,,20.1,,,0.487,0.514
era5_land,Mountain,37021,"35.60, -82.60",2024-09-27T12:00:00Z,,20.3,,,0.446,0.52
era5_land,Mountain,37021,"35.60, -82.60",2024-09-27T13:00:00Z,,20.5,,,0.52,0.518
era5_land,Mountain,37021,"35.60, -82.60",2024-09-27T14:00:00Z,,20.5,,,0.52,0.517
era5_land,Mountain,37021,"35.60, -82.60",2024-09-27T15:00:00Z,,19.9,,,0.466,0.517
era5_land,Mountain,37021,"35.60, -82.60",2024-09-27T16:00:00Z,,18.7,,,0.409,0.52
era5_land,Mountain,37021,"35.60, -82.60",2024-09-27T17:00:00Z,,19.8,,,0.411,0.517
era5_land,Mountain,37021,"35.60, -82.60",2024-09-27T18:00:00Z,,20.1,,,0.411,0.516
era5_land,Mountain,37021,"35.60, -82.60",2024-09-27T19:00:00Z,,19.3,,,0.414,0.515
era5_land,Mountain,37021,"35.60, -82.60",2024-09-27T20:00:00Z,,19.5,,,0.415,0.515
era5_land,Mountain,37021,"35.60, -82.60",2024-09-27T21:00:00Z,,19.5,,,0.415,0.514
era5_land,Mountain,37021,"35.60, -82.60",2024-09-27T22:00:00Z,,18.9,,,0.416,0.513
era5_land,Mountain,37021,"35.60, -82.60",2024-09-27T23:00:00Z,,18.1,,,0.417,0.513
era5_land,Piedmont,37119,"35.20, -80.80",2024-09-26T00:00:00Z,,24.0,,,0.468,0.368
era5_land,Piedmont,37119,"35.20, -80.80",2024-09-26T01:00:00Z,,23.6,,,0.469,0.368
era5_land,Piedmont,37119,"35.20, -80.80",2024-09-26T02:00:00Z,,23.4,,,0.469,0.368
era5_land,Piedmont,37119,"35.20, -80.80",2024-09-26T03:00:00Z,,23.2,,,0.469,0.369
era5_land,Piedmont,37119,"35.20, -80.80",2024-09-26T04:00:00Z,,22.9,,,0.469,0.369
era5_land,Piedmont,37119,"35.20, -80.80",2024-09-26T05:00:00Z,,22.6,,,0.47,0.369
era5_land,Piedmont,37119,"35.20, -80.80",2024-09-26T06:00:00Z,,22.3,,,0.474,0.369
era5_land,Piedmont,37119,"35.20, -80.80",2024-09-26T07:00:00Z,,22.3,,,0.474,0.369
era5_land,Piedmont,37119,"35.20, -80.80",2024-09-26T08:00:00Z,,22.2,,,0.473,0.369
era5_land,Piedmont,37119,"35.20, -80.80",2024-09-26T09:00:00Z,,22.2,,,0.474,0.369
era5_land,Piedmont,37119,"35.20, -80.80",2024-09-26T10:00:00Z,,22.0,,,0.476,0.37
era5_land,Piedmont,37119,"35.20, -80.80",2024-09-26T11:00:00Z,,21.6,,,0.485,0.37
era5_land,Piedmont,37119,"35.20, -80.80",2024-09-26T12:00:00Z,,21.4,,,0.496,0.37
era5_land,Piedmont,37119,"35.20, -80.80",2024-09-26T13:00:00Z,,21.5,,,0.505,0.37
era5_land,Piedmont,37119,"35.20, -80.80",2024-09-26T14:00:00Z,,21.7,,,0.514,0.37
era5_land,Piedmont,37119,"35.20, -80.80",2024-09-26T15:00:00Z,,22.0,,,0.514,0.37
era5_land,Piedmont,37119,"35.20, -80.80",2024-09-26T16:00:00Z,,22.3,,,0.513,0.37
era5_land,Piedmont,37119,"35.20, -80.80",2024-09-26T17:00:00Z,,22.7,,,0.516,0.371
era5_land,Piedmont,37119,"35.20, -80.80",2024-09-26T18:00:00Z,,22.7,,,0.517,0.371
era5_land,Piedmont,37119,"35.20, -80.80",2024-09-26T19:00:00Z,,21.9,,,0.52,0.371
era5_land,Piedmont,37119,"35.20, -80.80",2024-09-26T20:00:00Z,,21.8,,,0.476,0.372
era5_land,Piedmont,37119,"35.20, -80.80",2024-09-26T21:00:00Z,,21.9,,,0.432,0.389
era5_land,Piedmont,37119,"35.20, -80.80",2024-09-26T22:00:00Z,,21.9,,,0.474,0.389
era5_land,Piedmont,37119,"35.20, -80.80",2024-09-26T23:00:00Z,,22.0,,,0.504,0.389
era5_land,Piedmont,37119,"35.20, -80.80",2024-09-27T00:00:00Z,,22.1,,,0.519,0.39
era5_land,Piedmont,37119,"35.20, -80.80",2024-09-27T01:00:00Z,,22.1,,,0.463,0.39
era5_land,Piedmont,37119,"35.20, -80.80",2024-09-27T02:00:00Z,,22.2,,,0.475,0.392
era5_land,Piedmont,37119,"35.20, -80.80",2024-09-27T03:00:00Z,,22.1,,,0.482,0.395
era5_land,Piedmont,37119,"35.20, -80.80",2024-09-27T04:00:00Z,,22.2,,,0.488,0.395
era5_land,Piedmont,37119,"35.20, -80.80",2024-09-27T05:00:00Z,,22.1,,,0.492,0.396
era5_land,Piedmont,37119,"35.20, -80.80",2024-09-27T06:00:00Z,,22.2,,,0.497,0.396
era5_land,Piedmont,37119,"35.20, -80.80",2024-09-27T07:00:00Z,,22.3,,,0.512,0.397
era5_land,Piedmont,37119,"35.20, -80.80",2024-09-27T08:00:00Z,,22.3,,,0.463,0.397
era5_land,Piedmont,37119,"35.20, -80.80",2024-09-27T09:00:00Z,,22.3,,,0.412,0.412
era5_land,Piedmont,37119,"35.20, -80.80",2024-09-27T10:00:00Z,,22.6,,,0.425,0.412
era5_land,Piedmont,37119,"35.20, -80.80",2024-09-27T11:00:00Z,,22.9,,,0.46,0.412
era5_land,Piedmont,37119,"35.20, -80.80",2024-09-27T12:00:00Z,,23.0,,,0.52,0.412
era5_land,Piedmont,37119,"35.20, -80.80",2024-09-27T13:00:00Z,,23.3,,,0.473,0.412
era5_land,Piedmont,37119,"35.20, -80.80",2024-09-27T14:00:00Z,,23.6,,,0.477,0.416
era5_land,Piedmont,37119,"35.20, -80.80",2024-09-27T15:00:00Z,,23.0,,,0.501,0.417
era5_land,Piedmont,37119,"35.20, -80.80",2024-09-27T16:00:00Z,,22.7,,,0.507,0.417
era5_land,Piedmont,37119,"35.20, -80.80",2024-09-27T17:00:00Z,,23.4,,,0.503,0.418
era5_land,Piedmont,37119,"35.20, -80.80",2024-09-27T18:00:00Z,,24.9,,,0.499,0.418
era5_land,Piedmont,37119,"35.20, -80.80",2024-09-27T19:00:00Z,,25.9,,,0.495,0.419
era5_land,Piedmont,37119,"35.20, -80.80",2024-09-27T20:00:00Z,,25.1,,,0.493,0.419
era5_land,Piedmont,37119,"35.20, -80.80",2024-09-27T21:00:00Z,,24.7,,,0.491,0.419
era5_land,Piedmont,37119,"35.20, -80.80",2024-09-27T22:00:00Z,,24.0,,,0.489,0.419
era5_land,Piedmont,37119,"35.20, -80.80",2024-09-27T23:00:00Z,,23.2,,,0.488,0.42
era5_land,Coastal,37129,"34.20, -77.90",2024-09-26T00:00:00Z,,24.8,,,0.212,0.283
era5_land,Coastal,37129,"34.20, -77.90",2024-09-26T01:00:00Z,,24.7,,,0.213,0.283
era5_land,Coastal,37129,"34.20, -77.90",2024-09-26T02:00:00Z,,24.7,,,0.213,0.282
era5_land,Coastal,37129,"34.20, -77.90",2024-09-26T03:00:00Z,,24.6,,,0.213,0.282
era5_land,Coastal,37129,"34.20, -77.90",2024-09-26T04:00:00Z,,24.7,,,0.213,0.282
era5_land,Coastal,37129,"34.20, -77.90",2024-09-26T05:00:00Z,,24.7,,,0.213,0.282
era5_land,Coastal,37129,"34.20, -77.90",2024-09-26T06:00:00Z,,24.7,,,0.213,0.282
era5_land,Coastal,37129,"34.20, -77.90",2024-09-26T07:00:00Z,,25.0,,,0.213,0.282
era5_land,Coastal,37129,"34.20, -77.90",2024-09-26T08:00:00Z,,24.9,,,0.213,0.281
era5_land,Coastal,37129,"34.20, -77.90",2024-09-26T09:00:00Z,,24.8,,,0.213,0.281
era5_land,Coastal,37129,"34.20, -77.90",2024-09-26T10:00:00Z,,24.8,,,0.213,0.281
era5_land,Coastal,37129,"34.20, -77.90",2024-09-26T11:00:00Z,,24.7,,,0.213,0.281
era5_land,Coastal,37129,"34.20, -77.90",2024-09-26T12:00:00Z,,24.9,,,0.213,0.281
era5_land,Coastal,37129,"34.20, -77.90",2024-09-26T13:00:00Z,,25.7,,,0.212,0.28
era5_land,Coastal,37129,"34.20, -77.90",2024-09-26T14:00:00Z,,26.4,,,0.212,0.28
era5_land,Coastal,37129,"34.20, -77.90",2024-09-26T15:00:00Z,,26.5,,,0.212,0.28
era5_land,Coastal,37129,"34.20, -77.90",2024-09-26T16:00:00Z,,26.4,,,0.212,0.28
era5_land,Coastal,37129,"34.20, -77.90",2024-09-26T17:00:00Z,,26.4,,,0.212,0.279
era5_land,Coastal,37129,"34.20, -77.90",2024-09-26T18:00:00Z,,26.6,,,0.212,0.279
era5_land,Coastal,37129,"34.20, -77.90",2024-09-26T19:00:00Z,,25.7,,,0.213,0.279
era5_land,Coastal,37129,"34.20, -77.90",2024-09-26T20:00:00Z,,26.0,,,0.213,0.279
era5_land,Coastal,37129,"34.20, -77.90",2024-09-26T21:00:00Z,,26.0,,,0.213,0.279
era5_land,Coastal,37129,"34.20, -77.90",2024-09-26T22:00:00Z,,25.8,,,0.213,0.278
era5_land,Coastal,37129,"34.20, -77.90",2024-09-26T23:00:00Z,,25.7,,,0.214,0.278
era5_land,Coastal,37129,"34.20, -77.90",2024-09-27T00:00:00Z,,25.7,,,0.214,0.278
era5_land,Coastal,37129,"34.20, -77.90",2024-09-27T01:00:00Z,,25.8,,,0.213,0.278
era5_land,Coastal,37129,"34.20, -77.90",2024-09-27T02:00:00Z,,25.9,,,0.213,0.278
era5_land,Coastal,37129,"34.20, -77.90",2024-09-27T03:00:00Z,,26.0,,,0.213,0.277
era5_land,Coastal,37129,"34.20, -77.90",2024-09-27T04:00:00Z,,26.0,,,0.213,0.277
era5_land,Coastal,37129,"34.20, -77.90",2024-09-27T05:00:00Z,,26.1,,,0.213,0.277
era5_land,Coastal,37129,"34.20, -77.90",2024-09-27T06:00:00Z,,26.2,,,0.213,0.277
era5_land,Coastal,37129,"34.20, -77.90",2024-09-27T07:00:00Z,,26.4,,,0.213,0.277
era5_land,Coastal,37129,"34.20, -77.90",2024-09-27T08:00:00Z,,26.6,,,0.213,0.277
era5_land,Coastal,37129,"34.20, -77.90",2024-09-27T09:00:00Z,,26.7,,,0.213,0.276
era5_land,Coastal,37129,"34.20, -77.90",2024-09-27T10:00:00Z,,26.6,,,0.214,0.276
era5_land,Coastal,37129,"34.20, -77.90",2024-09-27T11:00:00Z,,26.8,,,0.215,0.276
era5_land,Coastal,37129,"34.20, -77.90",2024-09-27T12:00:00Z,,26.2,,,0.224,0.276
era5_land,Coastal,37129,"34.20, -77.90",2024-09-27T13:00:00Z,,25.9,,,0.246,0.276
era5_land,Coastal,37129,"34.20, -77.90",2024-09-27T14:00:00Z,,25.4,,,0.292,0.276
era5_land,Coastal,37129,"34.20, -77.90",2024-09-27T15:00:00Z,,25.3,,,0.305,0.275
era5_land,Coastal,37129,"34.20, -77.90",2024-09-27T16:00:00Z,,25.3,,,0.324,0.275
era5_land,Coastal,37129,"34.20, -77.90",2024-09-27T17:00:00Z,,25.9,,,0.32,0.275
era5_land,Coastal,37129,"34.20, -77.90",2024-09-27T18:00:00Z,,26.7,,,0.306,0.275
era5_land,Coastal,37129,"34.20, -77.90",2024-09-27T19:00:00Z,,27.8,,,0.296,0.275
era5_land,Coastal,37129,"34.20, -77.90",2024-09-27T20:00:00Z,,28.1,,,0.288,0.275
era5_land,Coastal,37129,"34.20, -77.90",2024-09-27T21:00:00Z,,27.9,,,0.282,0.274
era5_land,Coastal,37129,"34.20, -77.90",2024-09-27T22:00:00Z,,27.3,,,0.278,0.274
era5_land,Coastal,37129,"34.20, -77.90",2024-09-27T23:00:00Z,,26.7,,,0.274,0.274
era5_seamless,Mountain,37021,"35.60, -82.60",2024-09-26T00:00:00Z,0.7,18.7,1.47,11.6,0.514,0.386
era5_seamless,Mountain,37021,"35.60, -82.60",2024-09-26T01:00:00Z,1.2,18.7,1.76,9.4,0.511,0.386
era5_seamless,Mountain,37021,"35.60, -82.60",2024-09-26T02:00:00Z,2.6,18.6,1.71,10.8,0.52,0.387
era5_seamless,Mountain,37021,"35.60, -82.60",2024-09-26T03:00:00Z,3.0,18.6,1.31,10.2,0.469,0.387
era5_seamless,Mountain,37021,"35.60, -82.60",2024-09-26T04:00:00Z,2.8,18.4,1.66,8.6,0.429,0.404
era5_seamless,Mountain,37021,"35.60, -82.60",2024-09-26T05:00:00Z,3.8,18.6,1.68,8.0,0.461,0.404
era5_seamless,Mountain,37021,"35.60, -82.60",2024-09-26T06:00:00Z,6.7,18.7,1.42,9.4,0.517,0.404
era5_seamless,Mountain,37021,"35.60, -82.60",2024-09-26T07:00:00Z,5.3,17.5,1.7,6.5,0.518,0.405
era5_seamless,Mountain,37021,"35.60, -82.60",2024-09-26T08:00:00Z,4.9,17.1,1.61,7.9,0.499,0.407
era5_seamless,Mountain,37021,"35.60, -82.60",2024-09-26T09:00:00Z,6.2,17.0,2.4,7.2,0.491,0.422
era5_seamless,Mountain,37021,"35.60, -82.60",2024-09-26T10:00:00Z,8.9,17.1,2.49,7.0,0.518,0.422
era5_seamless,Mountain,37021,"35.60, -82.60",2024-09-26T11:00:00Z,12.0,17.0,2.6,9.6,0.485,0.425
era5_seamless,Mountain,37021,"35.60, -82.60",2024-09-26T12:00:00Z,17.2,17.0,2.98,8.8,0.454,0.439
era5_seamless,Mountain,37021,"35.60, -82.60",2024-09-26T13:00:00Z,23.5,17.4,3.81,8.0,0.504,0.439
era5_seamless,Mountain,37021,"35.60, -82.60",2024-09-26T14:00:00Z,19.0,18.1,4.59,6.1,0.516,0.44
era5_seamless,Mountain,37021,"35.60, -82.60",2024-09-26T15:00:00Z,11.4,18.7,4.49,5.7,0.496,0.442
era5_seamless,Mountain,37021,"35.60, -82.60",2024-09-26T16:00:00Z,11.2,19.3,4.03,5.8,0.481,0.456
era5_seamless,Mountain,37021,"35.60, -82.60",2024-09-26T17:00:00Z,11.7,19.7,3.89,5.6,0.518,0.456
era5_seamless,Mountain,37021,"35.60, -82.60",2024-09-26T18:00:00Z,11.7,19.5,3.97,6.6,0.488,0.458
era5_seamless,Mountain,37021,"35.60, -82.60",2024-09-26T19:00:00Z,4.7,19.0,4.39,13.7,0.443,0.472
era5_seamless,Mountain,37021,"35.60, -82.60",2024-09-26T20:00:00Z,4.2,18.8,5.17,13.9,0.473,0.472
era5_seamless,Mountain,37021,"35.60, -82.60",2024-09-26T21:00:00Z,3.5,18.7,4.97,14.0,0.506,0.472
era5_seamless,Mountain,37021,"35.60, -82.60",2024-09-26T22:00:00Z,5.2,18.5,3.65,13.4,0.515,0.474
era5_seamless,Mountain,37021,"35.60, -82.60",2024-09-26T23:00:00Z,7.5,18.5,4.04,11.6,0.52,0.474
era5_seamless,Mountain,37021,"35.60, -82.60",2024-09-27T00:00:00Z,13.4,18.6,3.93,10.3,0.517,0.488
era5_seamless,Mountain,37021,"35.60, -82.60",2024-09-27T01:00:00Z,15.3,19.1,4.04,6.6,0.516,0.49
era5_seamless,Mountain,37021,"35.60, -82.60",2024-09-27T02:00:00Z,13.8,19.4,5.01,8.4,0.46,0.503
era5_seamless,Mountain,37021,"35.60, -82.60",2024-09-27T03:00:00Z,8.8,19.6,5.78,14.2,0.48,0.503
era5_seamless,Mountain,37021,"35.60, -82.60",2024-09-27T04:00:00Z,5.2,19.5,5.91,14.2,0.504,0.503
era5_seamless,Mountain,37021,"35.60, -82.60",2024-09-27T05:00:00Z,5.8,19.6,6.8,15.8,0.51,0.504
era5_seamless,Mountain,37021,"35.60, -82.60",2024-09-27T06:00:00Z,5.8,19.7,7.34,17.8,0.462,0.504
era5_seamless,Mountain,37021,"35.60, -82.60",2024-09-27T07:00:00Z,5.9,19.7,7.92,22.1,0.431,0.515
era5_seamless,Mountain,37021,"35.60, -82.60",2024-09-27T08:00:00Z,8.1,19.6,9.07,22.4,0.474,0.515
era5_seamless,Mountain,37021,"35.60, -82.60",2024-09-27T09:00:00Z,7.7,19.8,9.71,27.9,0.51,0.515
era5_seamless,Mountain,37021,"35.60, -82.60",2024-09-27T10:00:00Z,6.2,19.9,10.31,33.3,0.52,0.514
era5_seamless,Mountain,37021,"35.60, -82.60",2024-09-27T11:00:00Z,8.2,20.1,10.71,31.0,0.487,0.514
era5_seamless,Mountain,37021,"35.60, -82.60",2024-09-27T12:00:00Z,14.8,20.3,10.75,32.1,0.446,0.52
era5_seamless,Mountain,37021,"35.60, -82.60",2024-09-27T13:00:00Z,20.7,20.5,11.65,31.1,0.52,0.518
era5_seamless,Mountain,37021,"35.60, -82.60",2024-09-27T14:00:00Z,10.5,20.5,11.05,25.5,0.52,0.517
era5_seamless,Mountain,37021,"35.60, -82.60",2024-09-27T15:00:00Z,2.0,19.9,8.92,26.0,0.466,0.517
era5_seamless,Mountain,37021,"35.60, -82.60",2024-09-27T16:00:00Z,0.9,18.7,9.08,22.6,0.409,0.52
era5_seamless,Mountain,37021,"35.60, -82.60",2024-09-27T17:00:00Z,0.5,19.8,6.55,20.6,0.411,0.517
era5_seamless,Mountain,37021,"35.60, -82.60",2024-09-27T18:00:00Z,0.6,20.1,5.92,19.2,0.411,0.516
era5_seamless,Mountain,37021,"35.60, -82.60",2024-09-27T19:00:00Z,0.4,19.3,5.61,15.4,0.414,0.515
era5_seamless,Mountain,37021,"35.60, -82.60",2024-09-27T20:00:00Z,0.3,19.5,5.26,14.7,0.415,0.515
era5_seamless,Mountain,37021,"35.60, -82.60",2024-09-27T21:00:00Z,0.2,19.5,5.86,14.8,0.415,0.514
era5_seamless,Mountain,37021,"35.60, -82.60",2024-09-27T22:00:00Z,0.1,18.9,5.06,14.0,0.416,0.513
era5_seamless,Mountain,37021,"35.60, -82.60",2024-09-27T23:00:00Z,0.0,18.1,4.29,12.8,0.417,0.513
era5_seamless,Piedmont,37119,"35.20, -80.80",2024-09-26T00:00:00Z,0.1,24.0,2.7,7.2,0.468,0.368
era5_seamless,Piedmont,37119,"35.20, -80.80",2024-09-26T01:00:00Z,0.0,23.6,2.8,9.1,0.469,0.368
era5_seamless,Piedmont,37119,"35.20, -80.80",2024-09-26T02:00:00Z,0.0,23.4,3.58,10.2,0.469,0.368
era5_seamless,Piedmont,37119,"35.20, -80.80",2024-09-26T03:00:00Z,0.0,23.2,3.88,9.1,0.469,0.369
era5_seamless,Piedmont,37119,"35.20, -80.80",2024-09-26T04:00:00Z,0.1,22.9,3.88,9.2,0.469,0.369
era5_seamless,Piedmont,37119,"35.20, -80.80",2024-09-26T05:00:00Z,0.4,22.6,3.7,7.8,0.47,0.369
era5_seamless,Piedmont,37119,"35.20, -80.80",2024-09-26T06:00:00Z,0.4,22.3,3.76,8.1,0.474,0.369
era5_seamless,Piedmont,37119,"35.20, -80.80",2024-09-26T07:00:00Z,0.1,22.3,3.75,7.9,0.474,0.369
era5_seamless,Piedmont,37119,"35.20, -80.80",2024-09-26T08:00:00Z,0.1,22.2,3.68,7.5,0.473,0.369
era5_seamless,Piedmont,37119,"35.20, -80.80",2024-09-26T09:00:00Z,0.2,22.2,3.55,7.2,0.474,0.369
era5_seamless,Piedmont,37119,"35.20, -80.80",2024-09-26T10:00:00Z,0.3,22.0,2.15,7.4,0.476,0.37
era5_seamless,Piedmont,37119,"35.20, -80.80",2024-09-26T11:00:00Z,0.3,21.6,2.47,8.1,0.485,0.37
era5_seamless,Piedmont,37119,"35.20, -80.80",2024-09-26T12:00:00Z,0.3,21.4,2.97,9.4,0.496,0.37
era5_seamless,Piedmont,37119,"35.20, -80.80",2024-09-26T13:00:00Z,0.5,21.5,3.35,9.9,0.505,0.37
era5_seamless,Piedmont,37119,"35.20, -80.80",2024-09-26T14:00:00Z,0.4,21.7,3.15,10.3,0.514,0.37
era5_seamless,Piedmont,37119,"35.20, -80.80",2024-09-26T15:00:00Z,0.5,22.0,3.08,11.4,0.514,0.37
era5_seamless,Piedmont,37119,"35.20, -80.80",2024-09-26T16:00:00Z,0.5,22.3,3.42,10.0,0.513,0.37
era5_seamless,Piedmont,37119,"35.20, -80.80",2024-09-26T17:00:00Z,0.5,22.7,3.71,9.1,0.516,0.371
era5_seamless,Piedmont,37119,"35.20, -80.80",2024-09-26T18:00:00Z,0.6,22.7,3.53,8.8,0.517,0.371
era5_seamless,Piedmont,37119,"35.20, -80.80",2024-09-26T19:00:00Z,1.7,21.9,3.16,9.9,0.52,0.371
era5_seamless,Piedmont,37119,"35.20, -80.80",2024-09-26T20:00:00Z,2.7,21.8,3.85,8.2,0.476,0.372
era5_seamless,Piedmont,37119,"35.20, -80.80",2024-09-26T21:00:00Z,2.4,21.9,4.65,9.8,0.432,0.389
era5_seamless,Piedmont,37119,"35.20, -80.80",2024-09-26T22:00:00Z,2.4,21.9,4.98,12.2,0.474,0.389
era5_seamless,Piedmont,37119,"35.20, -80.80",2024-09-26T23:00:00Z,2.1,22.0,5.54,12.2,0.504,0.389
era5_seamless,Piedmont,37119,"35.20, -80.80",2024-09-27T00:00:00Z,2.0,22.1,5.78,11.7,0.519,0.39
era5_seamless,Piedmont,37119,"35.20, -80.80",2024-09-27T01:00:00Z,1.3,22.1,4.57,11.3,0.463,0.39
era5_seamless,Piedmont,37119,"35.20, -80.80",2024-09-27T02:00:00Z,1.1,22.2,4.72,13.4,0.475,0.392
era5_seamless,Piedmont,37119,"35.20, -80.80",2024-09-27T03:00:00Z,1.4,22.1,5.2,11.6,0.482,0.395
era5_seamless,Piedmont,37119,"35.20, -80.80",2024-09-27T04:00:00Z,1.4,22.2,5.79,11.9,0.488,0.395
era5_seamless,Piedmont,37119,"35.20, -80.80",2024-09-27T05:00:00Z,1.2,22.1,6.45,11.5,0.492,0.396
era5_seamless,Piedmont,37119,"35.20, -80.80",2024-09-27T06:00:00Z,0.9,22.2,7.09,12.1,0.497,0.396
era5_seamless,Piedmont,37119,"35.20, -80.80",2024-09-27T07:00:00Z,1.8,22.3,7.91,16.5,0.512,0.397
era5_seamless,Piedmont,37119,"35.20, -80.80",2024-09-27T08:00:00Z,1.3,22.3,8.66,18.7,0.463,0.397
era5_seamless,Piedmont,37119,"35.20, -80.80",2024-09-27T09:00:00Z,0.3,22.3,9.34,20.5,0.412,0.412
era5_seamless,Piedmont,37119,"35.20, -80.80",2024-09-27T10:00:00Z,0.7,22.6,10.34,20.9,0.425,0.412
era5_seamless,Piedmont,37119,"35.20, -80.80",2024-09-27T11:00:00Z,3.2,22.9,11.39,25.2,0.46,0.412
era5_seamless,Piedmont,37119,"35.20, -80.80",2024-09-27T12:00:00Z,4.8,23.0,11.44,31.1,0.52,0.412
era5_seamless,Piedmont,37119,"35.20, -80.80",2024-09-27T13:00:00Z,4.4,23.3,10.41,26.7,0.473,0.412
era5_seamless,Piedmont,37119,"35.20, -80.80",2024-09-27T14:00:00Z,1.5,23.6,10.39,25.9,0.477,0.416
era5_seamless,Piedmont,37119,"35.20, -80.80",2024-09-27T15:00:00Z,3.9,23.0,9.18,20.7,0.501,0.417
era5_seamless,Piedmont,37119,"35.20, -80.80",2024-09-27T16:00:00Z,1.2,22.7,8.25,17.3,0.507,0.417
era5_seamless,Piedmont,37119,"35.20, -80.80",2024-09-27T17:00:00Z,0.2,23.4,7.01,13.3,0.503,0.418
era5_seamless,Piedmont,37119,"35.20, -80.80",2024-09-27T18:00:00Z,0.0,24.9,6.44,13.4,0.499,0.418
era5_seamless,Piedmont,37119,"35.20, -80.80",2024-09-27T19:00:00Z,0.1,25.9,6.32,12.9,0.495,0.419
era5_seamless,Piedmont,37119,"35.20, -80.80",2024-09-27T20:00:00Z,0.0,25.1,4.92,11.0,0.493,0.419
era5_seamless,Piedmont,37119,"35.20, -80.80",2024-09-27T21:00:00Z,0.0,24.7,4.02,8.8,0.491,0.419
era5_seamless,Piedmont,37119,"35.20, -80.80",2024-09-27T22:00:00Z,0.0,24.0,2.9,6.7,0.489,0.419
era5_seamless,Piedmont,37119,"35.20, -80.80",2024-09-27T23:00:00Z,0.0,23.2,1.94,4.8,0.488,0.42
era5_seamless,Coastal,37129,"34.20, -77.90",2024-09-26T00:00:00Z,0.0,24.8,2.62,5.8,0.212,0.283
era5_seamless,Coastal,37129,"34.20, -77.90",2024-09-26T01:00:00Z,0.1,24.7,2.75,6.0,0.213,0.283
era5_seamless,Coastal,37129,"34.20, -77.90",2024-09-26T02:00:00Z,0.1,24.7,3.23,6.7,0.213,0.282
era5_seamless,Coastal,37129,"34.20, -77.90",2024-09-26T03:00:00Z,0.0,24.6,3.74,7.2,0.213,0.282
era5_seamless,Coastal,37129,"34.20, -77.90",2024-09-26T04:00:00Z,0.0,24.7,4.1,7.4,0.213,0.282
era5_seamless,Coastal,37129,"34.20, -77.90",2024-09-26T05:00:00Z,0.0,24.7,4.17,7.3,0.213,0.282
era5_seamless,Coastal,37129,"34.20, -77.90",2024-09-26T06:00:00Z,0.0,24.7,4.14,7.1,0.213,0.282
era5_seamless,Coastal,37129,"34.20, -77.90",2024-09-26T07:00:00Z,0.0,25.0,3.83,6.6,0.213,0.282
era5_seamless,Coastal,37129,"34.20, -77.90",2024-09-26T08:00:00Z,0.0,24.9,3.41,5.9,0.213,0.281
era5_seamless,Coastal,37129,"34.20, -77.90",2024-09-26T09:00:00Z,0.0,24.8,3.25,5.6,0.213,0.281
era5_seamless,Coastal,37129,"34.20, -77.90",2024-09-26T10:00:00Z,0.0,24.8,3.31,5.6,0.213,0.281
era5_seamless,Coastal,37129,"34.20, -77.90",2024-09-26T11:00:00Z,0.0,24.7,2.94,5.5,0.213,0.281
era5_seamless,Coastal,37129,"34.20, -77.90",2024-09-26T12:00:00Z,0.0,24.9,2.75,5.7,0.213,0.281
era5_seamless,Coastal,37129,"34.20, -77.90",2024-09-26T13:00:00Z,0.0,25.7,2.75,6.3,0.212,0.28
era5_seamless,Coastal,37129,"34.20, -77.90",2024-09-26T14:00:00Z,0.2,26.4,3.63,8.7,0.212,0.28
era5_seamless,Coastal,37129,"34.20, -77.90",2024-09-26T15:00:00Z,0.3,26.5,4.67,10.0,0.212,0.28
era5_seamless,Coastal,37129,"34.20, -77.90",2024-09-26T16:00:00Z,0.2,26.4,4.82,8.4,0.212,0.28
era5_seamless,Coastal,37129,"34.20, -77.90",2024-09-26T17:00:00Z,0.1,26.4,4.14,10.0,0.212,0.279
era5_seamless,Coastal,37129,"34.20, -77.90",2024-09-26T18:00:00Z,0.1,26.6,4.11,8.7,0.212,0.279
era5_seamless,Coastal,37129,"34.20, -77.90",2024-09-26T19:00:00Z,0.2,25.7,4.05,7.8,0.213,0.279
era5_seamless,Coastal,37129,"34.20, -77.90",2024-09-26T20:00:00Z,0.1,26.0,3.54,7.7,0.213,0.279
era5_seamless,Coastal,37129,"34.20, -77.90",2024-09-26T21:00:00Z,0.1,26.0,3.24,7.0,0.213,0.279
era5_seamless,Coastal,37129,"34.20, -77.90",2024-09-26T22:00:00Z,0.1,25.8,3.69,6.7,0.213,0.278
era5_seamless,Coastal,37129,"34.20, -77.90",2024-09-26T23:00:00Z,0.2,25.7,3.72,6.8,0.214,0.278
era5_seamless,Coastal,37129,"34.20, -77.90",2024-09-27T00:00:00Z,0.1,25.7,4.05,7.2,0.214,0.278
era5_seamless,Coastal,37129,"34.20, -77.90",2024-09-27T01:00:00Z,0.0,25.8,4.36,8.0,0.213,0.278
era5_seamless,Coastal,37129,"34.20, -77.90",2024-09-27T02:00:00Z,0.0,25.9,5.12,8.8,0.213,0.278
era5_seamless,Coastal,37129,"34.20, -77.90",2024-09-27T03:00:00Z,0.0,26.0,5.69,9.5,0.213,0.277
era5_seamless,Coastal,37129,"34.20, -77.90",2024-09-27T04:00:00Z,0.0,26.0,6.09,10.4,0.213,0.277
era5_seamless,Coastal,37129,"34.20, -77.90",2024-09-27T05:00:00Z,0.0,26.1,6.38,11.2,0.213,0.277
era5_seamless,Coastal,37129,"34.20, -77.90",2024-09-27T06:00:00Z,0.0,26.2,6.83,12.0,0.213,0.277
era5_seamless,Coastal,37129,"34.20, -77.90",2024-09-27T07:00:00Z,0.0,26.4,7.49,14.4,0.213,0.277
era5_seamless,Coastal,37129,"34.20, -77.90",2024-09-27T08:00:00Z,0.0,26.6,8.02,15.8,0.213,0.277
era5_seamless,Coastal,37129,"34.20, -77.90",2024-09-27T09:00:00Z,0.0,26.7,8.65,16.9,0.213,0.276
era5_seamless,Coastal,37129,"34.20, -77.90",2024-09-27T10:00:00Z,0.1,26.6,9.66,18.2,0.214,0.276
era5_seamless,Coastal,37129,"34.20, -77.90",2024-09-27T11:00:00Z,0.2,26.8,9.62,18.8,0.215,0.276
era5_seamless,Coastal,37129,"34.20, -77.90",2024-09-27T12:00:00Z,0.4,26.2,10.07,20.3,0.224,0.276
era5_seamless,Coastal,37129,"34.20, -77.90",2024-09-27T13:00:00Z,3.3,25.9,9.94,22.3,0.246,0.276
era5_seamless,Coastal,37129,"34.20, -77.90",2024-09-27T14:00:00Z,3.2,25.4,10.06,20.8,0.292,0.276
era5_seamless,Coastal,37129,"34.20, -77.90",2024-09-27T15:00:00Z,1.0,25.3,9.02,18.1,0.305,0.275
era5_seamless,Coastal,37129,"34.20, -77.90",2024-09-27T16:00:00Z,1.3,25.3,8.27,18.1,0.324,0.275
era5_seamless,Coastal,37129,"34.20, -77.90",2024-09-27T17:00:00Z,0.6,25.9,7.95,16.8,0.32,0.275
era5_seamless,Coastal,37129,"34.20, -77.90",2024-09-27T18:00:00Z,0.3,26.7,6.8,14.9,0.306,0.275
era5_seamless,Coastal,37129,"34.20, -77.90",2024-09-27T19:00:00Z,0.1,27.8,7.51,15.9,0.296,0.275
era5_seamless,Coastal,37129,"34.20, -77.90",2024-09-27T20:00:00Z,0.0,28.1,7.35,15.3,0.288,0.275
era5_seamless,Coastal,37129,"34.20, -77.90",2024-09-27T21:00:00Z,0.0,27.9,7.01,13.5,0.282,0.274
era5_seamless,Coastal,37129,"34.20, -77.90",2024-09-27T22:00:00Z,0.0,27.3,6.34,13.3,0.278,0.274
era5_seamless,Coastal,37129,"34.20, -77.90",2024-09-27T23:00:00Z,0.0,26.7,5.67,12.4,0.274,0.274
